Year,TeamID,Team,Seed,Round,WinPercent,Outscore,Wins,Losses,fgPercent,OfgPercent,Talent
2023,3,Alabama,1,16,100,33,15,0,56.3,40.1,66.119
2023,8,Arizona,2,64,88.23529412,23.7,15,2,57.3,45.4,73.326
2023,9,Arizona St.,11,64,66.66666667,12.5,10,5,49.5,44.4,48.279
2023,10,Arkansas,8,16,82.35294118,20.9,14,3,52.9,43.7,70.997
2023,12,Auburn,9,32,87.5,19.4,14,2,50.2,45,47.081
2023,14,Baylor,3,32,82.35294118,23.3,14,3,54.8,49.3,57.276
2023,17,Boise St.,10,64,93.33333333,17.7,14,1,54,45.3,17.176
2023,36,Colgate,15,64,86.66666667,3.3,13,2,59.1,52.2,0.2
2023,37,College of Charleston,12,64,94.11764706,13.6,16,1,52.6,49,0.2
2023,40,Connecticut,4,1,88.23529412,26.6,15,2,55.7,44.1,62.486
2023,43,Creighton,6,8,86.66666667,26.3,13,2,57.4,44.9,67.359
2023,48,Drake,12,64,92.85714286,15,13,1,53.7,46.2,12.076
2023,50,Duke,5,32,100,20.9,16,0,52.4,44.4,81.592
2023,54,Fairleigh Dickinson,16,32,61.53846154,-12.7,8,5,52.4,55.9,0.2
2023,56,Florida Atlantic,9,4,100,19.3,15,0,56.9,48,17.083
2023,60,Furman,13,32,84.61538462,5.4,11,2,55.9,51.4,4.159
2023,68,Gonzaga,3,8,93.33333333,25.2,14,1,60.2,50.8,76.992
2023,69,Grand Canyon,14,64,73.33333333,5.6,11,4,53.6,45.7,20.262
2023,76,Houston,1,16,88.88888889,28.8,16,2,52.6,41.7,68.424
2023,77,Howard,16,64,81.81818182,3.1,9,2,58.1,50.3,10.987
2023,78,Illinois,9,64,88.23529412,15.3,15,2,52.4,44,80.461
2023,79,Indiana,4,32,88.23529412,20.3,15,2,56.8,46.9,83.728
2023,81,Iona,13,64,91.66666667,16.5,11,1,51.8,42.8,4.177
2023,82,Iowa,8,64,82.35294118,19.7,14,3,56.6,54.2,48.548
2023,83,Iowa St.,6,64,81.25,23.7,13,3,52.8,47.1,35.584
2023,86,Kansas,1,32,93.75,21,15,1,53.7,47.7,69.643
2023,87,Kansas St.,3,8,94.11764706,21.3,16,1,50.7,43.4,48.155
2023,88,Kennesaw St.,14,64,92.30769231,5.6,12,1,55.6,49.3,21.424
2023,89,Kent St.,13,64,100,12.5,13,0,53.8,47.2,0.364
2023,90,Kentucky,6,32,77.77777778,18.4,14,4,53.9,48,61.864
2023,101,Louisiana Lafayette,13,64,100,14.8,11,0,55.5,49.4,25.412
2023,107,Marquette,2,32,94.11764706,21.4,16,1,57.7,52.9,59.052
2023,109,Maryland,8,32,94.11764706,20.8,16,1,54,47.7,44.421
2023,111,Memphis,8,64,86.66666667,17.2,13,2,54.1,46.9,47.843
2023,113,Miami FL,5,4,94.11764706,13.2,16,1,57.4,52.5,44.964
2023,115,Michigan St.,7,16,85.71428571,21.2,12,2,53.9,44.4,70.568
2023,120,Mississippi St.,11,68,75,12.4,12,4,48.7,45.5,32.329
2023,122,Missouri,7,32,84.21052632,11.9,16,3,56.7,50.7,21.934
2023,124,Montana St.,14,64,90.90909091,9.1,10,1,52.9,48.5,12.887
2023,130,Nevada,11,68,92.85714286,15.5,13,1,53.6,47.6,35.592
2023,138,North Carolina St.,11,64,88.23529412,15.2,15,2,53.8,51.4,54.561
2023,146,Northern Kentucky,16,64,80,2.1,12,3,52,49.9,3.153
2023,147,Northwestern,7,32,72.22222222,12,13,5,46.6,46.2,46.694
2023,156,Oral Roberts,12,64,100,13.3,12,0,58.9,47.4,19.093
2023,161,Penn St.,10,32,76.47058824,17.7,13,4,58,48.2,28.67
2023,162,Pittsburgh,11,32,82.35294118,9.7,14,3,53.5,48.9,25.648
2023,165,Princeton,15,16,76.92307692,4.6,10,3,52.2,48.7,0.2
2023,166,Providence,11,64,88.23529412,13.5,15,2,53.8,49.7,60.631
2023,167,Purdue,1,64,87.5,28.5,14,2,53.3,47.8,58.603
2023,175,Saint Mary's,5,32,88.23529412,27.2,15,2,53.8,45,32.764
2023,179,San Diego St.,5,2,93.33333333,25.7,14,1,53,45.9,37.236
2023,188,Southeast Missouri St.,16,68,63.63636364,-9,7,4,51.4,53.8,2.128
2023,197,TCU,6,32,76.47058824,19.1,13,4,50.8,45,60.589
2023,199,Tennessee,4,16,87.5,32.1,14,2,53.3,38.6,60.04
2023,200,Texas,2,8,94.44444444,25.8,17,1,56.2,47.3,67.877
2023,201,Texas A&M,7,64,93.75,19.3,15,1,50.9,43.1,48.574
2023,202,Texas A&M Corpus Chris,16,64,81.81818182,-1.2,9,2,56.7,53.2,3.833
2023,203,Texas Southern,16,68,45.45454545,-12.4,5,6,47.4,48.6,6.519
2023,210,UC Santa Barbara,14,64,76.92307692,4.8,10,3,58.6,51.9,33.348
2023,212,UCLA,2,16,100,26.5,17,0,52.7,45.5,83.585
2023,214,UNC Asheville,15,64,100,0.7,11,0,55.7,45.9,10.661
2023,218,USC,10,64,88.23529412,14.7,15,2,52.7,45.3,71.583
2023,221,Utah St.,10,64,86.66666667,18.3,13,2,57,48.8,15.41
2023,226,VCU,12,64,83.33333333,10.7,15,3,53.1,45.8,48.265
2023,227,Vermont,15,64,92.30769231,12.4,12,1,58.7,49.7,4.102
2023,229,Virginia,4,64,93.75,19.3,15,1,52.9,45.7,54.569
2023,235,West Virginia,9,64,76.47058824,21.8,13,4,52.7,49.3,40.731
2023,244,Xavier,3,16,88.23529412,20.6,15,2,56.3,49.3,53.584
2022,2,Akron,13,64,76.92307692,-5,10,3,54,53,14.226
2022,3,Alabama,6,64,81.25,18.8,13,3,50.6,46.8,62.2
2022,8,Arizona,1,16,100,25.1,17,0,57.3,42.3,69.26
2022,10,Arkansas,4,8,89.47368421,18.8,17,2,50.5,45.9,47.294
2022,12,Auburn,2,32,100,28.3,16,0,52.6,42.3,61.608
2022,14,Baylor,1,32,88.23529412,30.3,15,2,55.1,45.2,55.889
2022,17,Boise St.,8,64,80,12,12,3,51.6,50.3,32.117
2022,21,Bryant,16,68,92.85714286,2.8,13,1,51.7,44.2,3.998
2022,28,Cal St. Fullerton,15,64,81.81818182,-1.2,9,2,50.2,51.1,12.413
2022,31,Chattanooga,13,64,76.92307692,9.6,10,3,53.2,47.5,20.793
2022,36,Colgate,14,64,93.33333333,3.6,14,1,57.2,46.5,0.2
2022,39,Colorado St.,6,64,92.85714286,13.6,13,1,57.2,50.3,19.502
2022,40,Connecticut,5,64,87.5,18.4,14,2,50.8,44.4,54.692
2022,43,Creighton,9,32,73.33333333,11.5,11,4,52.5,43.3,67.849
2022,44,Davidson,10,64,92.30769231,13.5,12,1,55.1,46.2,36.235
2022,46,Delaware,15,64,61.53846154,-1.4,8,5,52.4,49.8,13.46
2022,50,Duke,2,4,83.33333333,21.4,15,3,56.4,46.4,91.521
2022,66,Georgia St.,16,64,55.55555556,0.4,5,4,44.7,48.4,28.01
2022,68,Gonzaga,1,16,100,30.6,16,0,60,42,86.976
2022,76,Houston,5,8,94.11764706,32.5,16,1,54.3,40.1,51.79
2022,78,Illinois,4,32,81.25,21.9,13,3,54.9,44.9,54.781
2022,79,Indiana,12,64,77.77777778,18.5,14,4,52.5,44,72.37
2022,82,Iowa,5,64,83.33333333,22.5,15,3,53.8,48,43.723
2022,83,Iowa St.,11,16,73.68421053,14.6,14,5,50.5,46.5,47.374
2022,84,Jacksonville St.,15,64,69.23076923,-2.3,9,4,51.7,48.1,6.265
2022,86,Kansas,1,1,94.11764706,25.5,16,1,55.2,46.2,77.998
2022,90,Kentucky,2,64,100,25.4,18,0,56.9,45.9,74.515
2022,100,Longwood,14,64,92.30769231,3.2,12,1,54.1,50.8,4.353
2022,103,Loyola Chicago,10,64,84.61538462,13.5,11,2,59.5,50,5.155
2022,105,LSU,6,64,88.23529412,21.1,15,2,53.3,42.8,72.652
2022,107,Marquette,9,64,81.25,13.8,13,3,52.5,44.4,58.313
2022,111,Memphis,9,32,86.66666667,21.9,13,2,55.4,43.7,80.073
2022,113,Miami FL,10,8,66.66666667,11.2,10,5,54.8,52.1,65.462
2022,114,Michigan,11,16,66.66666667,18.7,10,5,56.2,50.5,72.575
2022,115,Michigan St.,7,32,80,17.2,12,3,54,45.1,75.799
2022,124,Montana St.,14,64,91.66666667,-1.4,11,1,48.9,46.2,7.356
2022,128,Murray St.,7,32,100,20.2,12,0,55.1,45.4,18.119
2022,132,New Mexico St.,12,32,83.33333333,10.6,10,2,52.4,42.7,16.577
2022,134,Norfolk St.,16,64,100,6.2,8,0,56.4,41.5,7.809
2022,135,North Carolina,8,2,88.23529412,18.3,15,2,53.2,48,87.453
2022,149,Notre Dame,11,32,93.33333333,17.3,14,1,54.4,46.5,72.248
2022,152,Ohio St.,7,32,81.25,18.6,13,3,57,46.6,66.738
2022,166,Providence,4,16,94.11764706,16.6,16,1,53.1,46.2,42.028
2022,167,Purdue,3,16,94.11764706,28.2,16,1,58.3,49,60.487
2022,170,Richmond,12,32,73.33333333,5.6,11,4,51.7,50.8,15.581
2022,172,Rutgers,11,68,82.35294118,12,14,3,49.8,45.3,51.706
2022,175,Saint Mary's,5,32,100,20.3,15,0,54.5,48.2,32.634
2022,176,Saint Peter's,15,8,66.66666667,2.1,8,4,45.9,41.1,0.2
2022,179,San Diego St.,8,64,93.33333333,17.1,14,1,50.8,42.3,31.863
2022,180,San Francisco,10,64,75,15.6,12,4,54.3,47.8,3.516
2022,181,Seton Hall,8,64,80,14.6,12,3,49.1,44.9,67.935
2022,186,South Dakota St.,13,64,100,17.3,12,0,59.4,47.9,0.603
2022,197,TCU,9,32,75,13.6,12,4,48.1,47.3,65.515
2022,199,Tennessee,3,32,100,27.1,16,0,53,46.4,69.805
2022,200,Texas,6,32,84.21052632,24.5,16,3,51.1,44.5,78.557
2022,202,Texas A&M Corpus Chris,16,68,55.55555556,-14.8,5,4,45.2,49.5,3.592
2022,203,Texas Southern,16,64,77.77777778,-1.1,7,2,52.2,42.9,16.145
2022,204,Texas Tech,3,16,100,29.3,18,0,57,46.6,22.03
2022,207,UAB,12,64,87.5,16.9,14,2,54.8,44.7,28.246
2022,212,UCLA,4,16,93.33333333,26.5,14,1,54.3,45.7,79.66
2022,218,USC,7,64,81.25,8.9,13,3,53,45.4,59.267
2022,227,Vermont,13,64,100,12.9,15,0,61.9,48.5,4.679
2022,228,Villanova,2,4,92.30769231,28.6,12,1,57.2,48.9,69.071
2022,230,Virginia Tech,11,64,73.33333333,18,11,4,56.2,47.4,20.673
2022,240,Wisconsin,3,32,75,13.6,12,4,48.4,49.1,62.378
2022,242,Wright St.,16,64,78.57142857,-2.8,11,3,53.4,49.6,9.944
2022,243,Wyoming,12,68,92.85714286,14,13,1,56.3,48.8,1.779
2022,245,Yale,14,64,75,0.8,9,3,51.8,49,9.416
2021,1,Abilene Christian,14,32,100,15.6,9,0,53.7,42.8,0.2
2021,3,Alabama,2,16,92.30769231,23.7,12,1,53.3,44.1,70.27
2021,7,Appalachian St.,16,68,55.55555556,-2.8,5,4,49.7,52.1,9.441
2021,10,Arkansas,3,8,94.11764706,20.9,16,1,51.3,44.1,55.045
2021,14,Baylor,1,1,100,32.8,11,0,59.4,47.5,57.416
2021,25,BYU,6,64,81.81818182,16.6,9,2,58.5,44.3,39.722
2021,33,Clemson,7,64,91.66666667,20.3,11,1,52,47.9,59.066
2021,34,Cleveland St.,15,64,81.81818182,0.7,9,2,54,47.3,2.192
2021,36,Colgate,14,64,88.88888889,13.3,8,1,59,47.5,0.2
2021,38,Colorado,5,32,91.66666667,30.8,11,1,56.6,45.5,48.237
2021,40,Connecticut,7,64,70,22.3,7,3,54,47,52.299
2021,43,Creighton,5,16,78.57142857,23.9,11,3,59.3,46.8,57.988
2021,48,Drake,11,64,92.30769231,14.8,12,1,58.3,47.2,0.2
2021,49,Drexel,16,64,60,-2.4,3,2,50.2,46.4,8.771
2021,53,Eastern Washington,14,64,75,5,6,2,55.2,46.6,0.2
2021,55,Florida,7,32,66.66666667,18.5,6,3,52.7,44.6,60.198
2021,58,Florida St.,4,16,92.30769231,27.8,12,1,56.6,48.4,53.523
2021,64,Georgetown,12,64,53.84615385,10.9,7,6,49.4,45.8,40.505
2021,67,Georgia Tech,9,64,78.57142857,15.5,11,3,54.6,53,51.343
2021,68,Gonzaga,1,2,100,35.8,12,0,60.4,46.5,80.761
2021,69,Grand Canyon,15,64,70,5.1,7,3,53,44.6,14.562
2021,72,Hartford,16,64,90.90909091,0.1,10,1,54.6,48.2,12.091
2021,76,Houston,2,4,100,33.2,14,0,51.4,41.4,57.911
2021,78,Illinois,1,32,84.61538462,24.3,11,2,56.6,45.2,73.109
2021,81,Iona,15,64,66.66666667,-1.3,4,2,54.7,47.8,9.632
2021,82,Iowa,2,32,87.5,26.7,14,2,56.8,47.2,61.215
2021,86,Kansas,3,32,92.30769231,20.5,12,1,49.2,44,80.676
2021,95,Liberty,13,64,100,12.5,9,0,61.4,44.3,3.795
2021,103,Loyola Chicago,8,16,100,15.8,11,0,57.3,48.9,11.054
2021,105,LSU,8,32,84.61538462,21.8,11,2,54.8,45.8,83.74
2021,109,Maryland,10,32,62.5,17.2,10,6,55.3,48.9,67.127
2021,114,Michigan,1,8,92.85714286,28.7,13,1,56.4,42.1,66.856
2021,115,Michigan St.,11,68,80,17.6,12,3,51.4,45.3,82.545
2021,122,Missouri,9,64,66.66666667,14.1,8,4,50,48.3,50.387
2021,125,Morehead St.,14,64,90.90909091,1,10,1,50.9,43.8,5.5
2021,127,Mount St. Mary's,16,68,66.66666667,-2.5,6,3,48.8,42.5,0.2
2021,134,Norfolk St.,16,64,55.55555556,-8.1,5,4,51.1,49.5,0.2
2021,135,North Carolina,8,64,90.90909091,17,10,1,49.3,48.4,85.053
2021,142,North Texas,13,32,70,9.9,7,3,59.1,43.3,2.103
2021,151,Ohio,13,32,70,9.8,7,3,54.9,49.7,6.606
2021,152,Ohio St.,2,64,71.42857143,23.2,10,4,52.7,47.4,71.659
2021,153,Oklahoma,8,32,76.92307692,21.2,10,3,52.6,46.9,32.322
2021,154,Oklahoma St.,4,32,76.92307692,16,10,3,50.8,47.6,61.902
2021,156,Oral Roberts,15,16,62.5,-2,5,3,55,51.3,1.124
2021,157,Oregon,7,16,84.61538462,17.5,11,2,55.2,46.8,49.314
2021,158,Oregon St.,12,8,60,6.8,9,6,48.4,51.8,34.182
2021,167,Purdue,4,64,91.66666667,20,11,1,51.2,46.4,60.403
2021,172,Rutgers,10,32,71.42857143,18.4,10,4,52,46.8,55.802
2021,179,San Diego St.,6,64,85.71428571,21.3,12,2,51.8,46.6,26.167
2021,191,St. Bonaventure,9,64,88.88888889,20.2,8,1,54.1,45.5,0.359
2021,196,Syracuse,11,16,92.85714286,17.3,13,1,50.5,45.2,64.21
2021,199,Tennessee,5,64,81.25,20.8,13,3,50.8,45.6,75.915
2021,200,Texas,3,64,61.53846154,18.9,8,5,53.9,47.1,88.6
2021,203,Texas Southern,16,64,77.77777778,-10.9,7,2,47.8,45.7,13.802
2021,204,Texas Tech,6,32,73.33333333,21.4,11,4,49.6,43.6,53.387
2021,210,UC Santa Barbara,12,64,100,14,9,0,52.5,46.2,53.867
2021,212,UCLA,11,4,91.66666667,22.9,11,1,53.6,49.9,82.595
2021,215,UNC Greensboro,13,64,70,3.3,7,3,46.4,45.9,14.285
2021,218,USC,6,8,86.66666667,27.4,13,2,53.9,43.9,47.985
2021,221,Utah St.,11,64,81.81818182,19.7,9,2,49.1,44.9,17.726
2021,226,VCU,10,64,85.71428571,17.5,12,2,52.5,44.5,38.761
2021,228,Villanova,5,16,100,28.6,9,0,56.5,50.2,73.753
2021,229,Virginia,4,64,90.90909091,20.5,10,1,56.3,45.4,55.537
2021,230,Virginia Tech,10,64,83.33333333,15.6,10,2,53.7,48.5,28.989
2021,235,West Virginia,3,32,61.53846154,20.4,8,5,49.3,49.7,44.317
2021,238,Wichita St.,11,68,80,12.2,8,2,48.7,46.3,37.445
2021,239,Winthrop,12,64,91.66666667,12.3,11,1,52.4,48.1,6.77
2021,240,Wisconsin,9,32,68.75,23.8,11,5,51.2,46.4,55.41
2019,1,Abilene Christian,15,64,81.81818182,1.3,9,2,55.2,49.2,1.775
2019,9,Arizona St.,11,64,81.25,11.7,13,3,53.1,46.4,71.073
2019,12,Auburn,5,4,87.5,31.4,14,2,57.5,49.6,57.754
2019,14,Baylor,9,32,72.22222222,14.6,13,5,51.4,48.4,57.749
2019,15,Belmont,11,64,92.30769231,7.6,12,1,61.3,49,6.407
2019,20,Bradley,15,64,60,-1.3,9,6,50.9,48.1,3.589
2019,23,Buffalo,6,32,100,21.7,13,0,54.9,45.3,7.39
2019,32,Cincinnati,7,64,88.88888889,18.9,16,2,51.6,47.5,51.633
2019,36,Colgate,15,64,93.33333333,3.5,14,1,59.8,48.8,10.836
2019,50,Duke,1,8,88.23529412,27.4,15,2,53.5,43.3,88.931
2019,54,Fairleigh Dickinson,16,64,73.33333333,-6.5,11,4,58,52,0.2
2019,55,Florida,10,32,60,17.5,9,6,51.3,48.7,79.849
2019,58,Florida St.,4,16,93.75,17,15,1,51.5,49.3,59.895
2019,61,Gardner Webb,16,64,100,-1,10,0,54.9,45,0.2
2019,66,Georgia St.,14,64,92.30769231,6.7,12,1,58.1,49.5,41.152
2019,68,Gonzaga,1,8,100,36.2,17,0,60.6,40.7,55.473
2019,76,Houston,3,16,95,19.3,19,1,52.1,42.4,36.791
2019,81,Iona,16,64,72.72727273,-6.1,8,3,53.4,52.9,7.379
2019,82,Iowa,10,32,77.77777778,14.3,14,4,54,50.6,55.647
2019,83,Iowa St.,6,64,75,21.7,12,4,56,46.7,56.016
2019,86,Kansas,4,32,100,24.5,17,0,54.9,45,89.423
2019,87,Kansas St.,4,64,87.5,17,14,2,50.1,47.1,48.118
2019,90,Kentucky,2,8,94.44444444,23.8,17,1,54.2,45.8,95.376
2019,95,Liberty,12,32,92.85714286,7.3,13,1,55.2,47.3,0.345
2019,102,Louisville,7,64,77.77777778,17.2,14,4,51.9,47.3,53.581
2019,105,LSU,3,16,88.23529412,20.9,15,2,52.6,51.1,66.287
2019,107,Marquette,5,64,84.21052632,16.3,16,3,53.5,43,71.641
2019,109,Maryland,6,32,83.33333333,20.2,15,3,53.9,46.6,78.823
2019,114,Michigan,2,16,94.44444444,28.1,17,1,52.5,44.2,80.432
2019,115,Michigan St.,2,4,93.75,30.7,15,1,56.3,42.1,70.057
2019,118,Minnesota,10,32,82.35294118,16,14,3,51.4,48.1,71.523
2019,119,Mississippi,8,64,68.75,18.8,11,5,54.7,52.5,48.937
2019,120,Mississippi St.,5,64,82.35294118,21.8,14,3,58.3,50.9,82.586
2019,123,Montana,15,64,83.33333333,2.6,10,2,55.9,50.4,19.258
2019,128,Murray St.,12,32,92.85714286,7.8,13,1,54.8,47.3,8.231
2019,130,Nevada,7,64,100,20.9,15,0,55.4,44.6,35.414
2019,132,New Mexico St.,12,64,93.33333333,13.1,14,1,53.7,45.6,13.806
2019,135,North Carolina,1,16,87.5,24.7,14,2,52.9,49,76.654
2019,137,North Carolina Central,16,68,77.77777778,-5,7,2,52,44.7,4.547
2019,140,North Dakota St.,16,64,72.72727273,2,8,3,56.7,49.8,0.2
2019,143,Northeastern,13,64,84.61538462,4.9,11,2,57.3,51,5.836
2019,146,Northern Kentucky,14,64,93.75,7.5,15,1,54.3,47.3,4.597
2019,152,Ohio St.,11,32,64.70588235,15.8,11,6,53.8,48.4,56.419
2019,153,Oklahoma,9,32,71.42857143,16.7,10,4,51.3,47,58.325
2019,155,Old Dominion,14,64,87.5,7.3,14,2,49.9,44.8,33.997
2019,157,Oregon,12,16,76.47058824,15.4,13,4,55.1,46.3,80.047
2019,164,Prairie View A&M,16,68,100,-4.6,10,0,49.1,46.4,1.736
2019,167,Purdue,3,8,100,32.4,15,0,57.2,44.9,56.197
2019,174,Saint Louis,13,64,88.23529412,7.1,15,2,48.3,44.5,66.081
2019,175,Saint Mary's,11,64,82.35294118,18.3,14,3,59,49.2,27.239
2019,181,Seton Hall,10,64,73.33333333,11.8,11,4,50.4,47.5,54.346
2019,192,St. John's,11,68,73.68421053,8,14,5,53,49.1,75.394
2019,196,Syracuse,8,64,68.42105263,16.3,13,6,48.3,46.6,73.806
2019,198,Temple,11,68,86.66666667,12.7,13,2,50.4,48.5,53.453
2019,199,Tennessee,2,16,100,28.8,17,0,55.1,43,55.685
2019,204,Texas Tech,3,2,94.44444444,31.3,17,1,56.7,40,47.191
2019,209,UC Irvine,13,32,84.61538462,5.2,11,2,53.2,44.3,18.762
2019,211,UCF,9,32,88.23529412,19.1,15,2,52.6,44.8,28.974
2019,221,Utah St.,8,64,92.85714286,17.5,13,1,55.4,43.8,9.835
2019,226,VCU,8,64,94.11764706,16.9,16,1,52.5,43.8,39.794
2019,227,Vermont,13,64,88.23529412,10.3,15,2,52.7,48.5,7.768
2019,228,Villanova,6,32,86.66666667,15.3,13,2,52.3,47.9,68.466
2019,229,Virginia,1,1,93.75,33.5,15,1,56.4,42,73.381
2019,230,Virginia Tech,4,16,87.5,23.1,14,2,60.5,47.2,66.436
2019,232,Washington,9,32,93.75,12.5,15,1,51.6,44.3,74.311
2019,240,Wisconsin,5,64,80,18.6,12,3,53.9,46.2,59.597
2019,241,Wofford,7,32,92.30769231,13.1,12,1,59.7,51.9,1.063
2019,245,Yale,14,64,84.61538462,8.7,11,2,58.2,47.4,15.117
2018,3,Alabama,9,32,70.58823529,14.7,12,5,53.9,46,73.914
2018,8,Arizona,4,64,93.75,17.9,15,1,59.4,48.4,82.727
2018,9,Arizona St.,11,68,76.47058824,16.5,13,4,54,47.1,53.908
2018,10,Arkansas,7,64,88.23529412,20.5,15,2,56.4,47.8,39.343
2018,12,Auburn,4,32,93.75,22.7,15,1,55.7,48.2,58.941
2018,22,Bucknell,14,64,93.75,7.7,15,1,56.2,46,0.2
2018,23,Buffalo,13,32,92.85714286,8.3,13,1,55.4,48.8,10.891
2018,24,Butler,10,32,82.35294118,27.4,14,3,59.5,50.4,52.743
2018,28,Cal St. Fullerton,15,64,66.66666667,1.5,8,4,52.5,47.6,0.2
2018,32,Cincinnati,2,32,93.75,26.8,15,1,54.3,42.6,63.963
2018,33,Clemson,5,16,93.75,20.9,15,1,53.4,44.7,54.866
2018,37,College of Charleston,13,64,100,4.6,13,0,54.9,49.4,4.156
2018,43,Creighton,8,64,88.23529412,24.7,15,2,62.2,46.3,48.746
2018,44,Davidson,12,64,84.61538462,18.7,11,2,59.8,48.3,20.885
2018,50,Duke,2,8,93.75,35.8,15,1,59,43.9,92.943
2018,55,Florida,6,32,70.58823529,16.2,12,5,51.2,49,69.428
2018,58,Florida St.,9,8,86.66666667,18.9,13,2,58.9,47.5,59.86
2018,66,Georgia St.,15,64,75,1.7,9,3,53.4,48.1,31.565
2018,68,Gonzaga,4,16,93.75,18.7,15,1,57.7,46.4,73.63
2018,76,Houston,6,32,100,22.8,15,0,59.3,43.9,24.411
2018,81,Iona,15,64,72.72727273,-3.2,8,3,53.7,53.8,0.2
2018,86,Kansas,1,4,77.77777778,25.6,14,4,61,48.8,80.44
2018,87,Kansas St.,9,8,77.77777778,17,14,4,52.2,45.6,47.73
2018,90,Kentucky,5,16,88.88888889,19.3,16,2,52.4,46.6,95.962
2018,96,Lipscomb,15,64,83.33333333,0.4,10,2,52.3,51,5.68
2018,98,LIU Brooklyn,16,68,73.33333333,-8.3,11,4,54,47.4,14.561
2018,103,Loyola Chicago,11,4,92.85714286,14,13,1,60.9,46.7,16.801
2018,108,Marshall,13,32,87.5,3.6,14,2,56.3,48.8,2.18
2018,113,Miami FL,6,64,78.57142857,14.4,11,3,52.4,47.9,81.652
2018,114,Michigan,3,2,93.75,16.8,15,1,55.8,46.1,56.368
2018,115,Michigan St.,3,32,94.11764706,30.5,16,1,61.6,42,84.499
2018,122,Missouri,8,64,80,20.8,12,3,57.3,45.3,45.402
2018,123,Montana,14,64,100,12.8,12,0,54.5,44.9,16.392
2018,128,Murray St.,12,64,85.71428571,10,12,2,57.3,47.4,0.2
2018,130,Nevada,7,16,93.33333333,17.6,14,1,55,49.2,57.081
2018,132,New Mexico St.,12,64,91.66666667,12.1,11,1,52.3,44.5,16.867
2018,135,North Carolina,2,32,80,24,12,3,56,51.2,77.447
2018,137,North Carolina Central,16,68,81.81818182,-9.3,9,2,52.9,47,4.118
2018,138,North Carolina St.,9,64,84.21052632,18,16,3,56.1,50.2,43.838
2018,152,Ohio St.,5,32,88.88888889,24.9,16,2,57.7,47.8,59.776
2018,153,Oklahoma,10,64,86.66666667,22.8,13,2,58.3,49.4,70.869
2018,160,Penn,16,64,80,7.9,12,3,51.8,43.9,14.406
2018,166,Providence,10,64,76.47058824,10.8,13,4,50.2,50.4,60.949
2018,167,Purdue,2,16,94.11764706,30.4,16,1,59.1,45.4,59.458
2018,168,Radford,16,64,81.81818182,-2.2,9,2,52.6,51.1,1.613
2018,169,Rhode Island,7,32,93.75,13.5,15,1,51.7,49.3,56.579
2018,179,San Diego St.,11,64,85.71428571,20.6,12,2,54.9,45.8,61.723
2018,181,Seton Hall,8,32,82.35294118,20.5,14,3,53,47.9,61.137
2018,186,South Dakota St.,12,64,100,15.1,11,0,54.5,46.6,2.923
2018,191,St. Bonaventure,11,64,92.85714286,9.6,13,1,53,46.1,5.279
2018,194,Stephen F. Austin,14,64,92.30769231,6.7,12,1,55.8,46.4,16.014
2018,196,Syracuse,11,16,73.68421053,15,14,5,49,46.8,81.271
2018,197,TCU,6,64,83.33333333,20.2,15,3,58,52.2,29.047
2018,199,Tennessee,3,32,86.66666667,23,13,2,52.7,45.9,47.881
2018,200,Texas,10,64,76.47058824,16.7,13,4,51.9,46.9,74.625
2018,201,Texas A&M,7,16,81.25,17.4,13,3,51.9,44.5,82.201
2018,203,Texas Southern,16,64,80,-13.1,8,2,55.6,49.8,30.177
2018,204,Texas Tech,3,8,94.44444444,22.9,17,1,54.8,44.7,36.705
2018,212,UCLA,11,68,87.5,11.1,14,2,53.3,48,78.711
2018,213,UMBC,16,32,85.71428571,-4.6,12,2,53.3,52.2,10.296
2018,215,UNC Greensboro,13,64,92.85714286,9.3,13,1,52.4,44.7,0.208
2018,228,Villanova,1,1,92.30769231,29.4,12,1,60.2,49.1,80.592
2018,229,Virginia,1,64,94.11764706,27.2,16,1,53.4,43.3,71.072
2018,230,Virginia Tech,8,64,77.77777778,13.1,14,4,58.7,48.9,75.538
2018,235,West Virginia,5,16,82.35294118,28,14,3,52.3,46.5,38.54
2018,238,Wichita St.,4,64,81.25,18.8,13,3,58.2,49.1,38.199
2018,242,Wright St.,14,64,85.71428571,3,12,2,47.9,46.8,0.375
2018,244,Xavier,1,32,94.44444444,27.4,17,1,57,48,76.28
2017,8,Arizona,2,16,93.75,20.7,15,1,55.6,46.3,71.921
2017,10,Arkansas,8,32,83.33333333,15.5,15,3,54,48.4,36.848
2017,14,Baylor,3,16,87.5,23,14,2,52.5,42.6,43.215
2017,22,Bucknell,13,64,88.23529412,9.1,15,2,56.1,45.2,0.2
2017,24,Butler,4,16,81.25,22.6,13,3,57.8,51.4,48.146
2017,32,Cincinnati,6,32,100,24.8,18,0,57.3,45.6,72.275
2017,43,Creighton,6,64,75,20.1,12,4,57.8,50.9,45.608
2017,45,Dayton,7,64,93.33333333,17.8,14,1,55.2,45.3,40.751
2017,50,Duke,2,32,93.75,26.8,15,1,57.2,45.9,94.782
2017,51,East Tennessee St.,13,64,84.61538462,10.9,11,2,60.2,52.2,10.643
2017,55,Florida,4,8,91.66666667,27.8,11,1,53.8,47,70.37
2017,57,Florida Gulf Coast,14,64,81.25,3.1,13,3,53,45.8,28.624
2017,58,Florida St.,3,32,100,28.8,18,0,57.1,46.3,70.581
2017,68,Gonzaga,1,2,93.75,29,15,1,57,40.9,68.782
2017,81,Iona,14,64,66.66666667,-1.3,8,4,54.9,51.7,19.851
2017,83,Iowa St.,5,32,80,23.7,12,3,56.7,46.2,54.193
2017,84,Jacksonville St.,15,64,37.5,-9,3,5,48.8,49.5,4.175
2017,86,Kansas,1,8,93.33333333,26.2,14,1,59.4,46.9,75.629
2017,87,Kansas St.,11,64,68.75,17.4,11,5,53.4,48.5,45.961
2017,89,Kent St.,14,64,60,0.1,9,6,50.4,48.1,14.694
2017,90,Kentucky,2,8,88.23529412,28.3,15,2,55.1,47.9,86.539
2017,102,Louisville,2,32,94.11764706,27.1,16,1,53.4,45.2,71.596
2017,107,Marquette,10,64,82.35294118,22.4,14,3,59.2,48.5,76.631
2017,109,Maryland,6,64,70.58823529,12.3,12,5,51.1,46.5,72.827
2017,113,Miami FL,8,64,87.5,19.6,14,2,52,44.3,74.813
2017,114,Michigan,7,16,83.33333333,21.6,15,3,58.4,50.6,64.639
2017,115,Michigan St.,9,32,87.5,18.6,14,2,57,44.4,70.413
2017,116,Middle Tennessee,12,32,85.71428571,9.5,12,2,52.6,47.2,17.718
2017,118,Minnesota,5,64,85,17.3,17,3,50.7,44.8,59.566
2017,127,Mount St. Mary's,16,64,73.33333333,-5.1,11,4,52.4,47.3,4.25
2017,130,Nevada,12,64,92.85714286,12.6,13,1,54.9,47,31.488
2017,132,New Mexico St.,14,64,93.33333333,8.8,14,1,54.9,50.8,1.948
2017,133,New Orleans,16,68,72.72727273,1.5,8,3,53,47.6,0.455
2017,135,North Carolina,1,1,100,32.2,16,0,52.8,46.9,88.126
2017,137,North Carolina Central,16,68,80,-1,8,2,53.9,45.5,0.2
2017,139,North Dakota,15,64,80,-0.4,8,2,54.7,50,0.2
2017,146,Northern Kentucky,15,64,83.33333333,0.8,10,2,56.8,51,10.36
2017,147,Northwestern,8,32,77.77777778,15.9,14,4,50.2,44.9,54.109
2017,149,Notre Dame,5,32,88.88888889,21.9,16,2,55.8,46.5,65.922
2017,154,Oklahoma St.,10,64,66.66666667,21.3,10,5,55.8,52.4,54.425
2017,157,Oregon,3,4,100,27.6,16,0,58.8,43.7,56.758
2017,165,Princeton,12,64,90,10.1,9,1,54.3,45.5,8.705
2017,166,Providence,11,68,83.33333333,14.9,15,3,53.3,47.9,55.541
2017,167,Purdue,4,16,88.23529412,27.8,15,2,56.6,43.4,67.524
2017,169,Rhode Island,11,32,81.25,10.1,13,3,51.7,45,64.496
2017,175,Saint Mary's,7,32,88.23529412,19.9,15,2,58.2,47.6,24.566
2017,181,Seton Hall,9,64,85.71428571,13.7,12,2,53.2,48.2,55.205
2017,183,SMU,6,64,100,29.2,18,0,58.3,43.5,64.748
2017,185,South Carolina,7,4,82.35294118,20.4,14,3,47.1,42.7,50.958
2017,186,South Dakota St.,16,64,81.81818182,1.5,9,2,57,51.2,6.456
2017,203,Texas Southern,16,64,100,0.1,10,0,51.2,40,5.421
2017,205,Troy,15,64,69.23076923,-0.7,9,4,52.7,46.9,10.042
2017,208,UC Davis,16,64,100,5.5,9,0,53.3,44.4,5.789
2017,212,UCLA,3,16,94.11764706,22.8,16,1,61.5,46.5,77.967
2017,216,UNC Wilmington,12,64,91.66666667,15,11,1,58.1,52.7,5.2
2017,218,USC,11,32,83.33333333,13.8,15,3,54.5,47.8,81.237
2017,225,Vanderbilt,9,64,68.75,18,11,5,55.9,48.2,53.364
2017,226,VCU,10,64,93.75,17.1,15,1,54.2,46.2,42.055
2017,227,Vermont,13,64,93.75,12.1,15,1,55.4,47.9,6.681
2017,228,Villanova,1,32,93.33333333,28.6,14,1,58.8,45.9,75.837
2017,229,Virginia,5,32,75,27.6,12,4,52.1,42,71.089
2017,230,Virginia Tech,9,64,88.23529412,16.2,15,2,57.9,48.6,67.076
2017,231,Wake Forest,11,68,78.57142857,22.9,11,3,56.3,47.3,47.009
2017,235,West Virginia,4,16,89.47368421,29.2,17,2,53.9,47.8,43.642
2017,238,Wichita St.,10,32,93.75,30.1,15,1,58,43.6,40.472
2017,239,Winthrop,13,64,80,-1,12,3,52,47,5.374
2017,240,Wisconsin,8,16,88.23529412,24.2,15,2,53.5,44.1,56.744
2017,244,Xavier,11,8,75,20.7,12,4,54.6,51.5,61.847
2016,8,Arizona,6,64,94.44444444,24.8,17,1,57.4,44.7,66.359
2016,13,Austin Peay,16,64,38.46153846,-8.6,5,8,52.2,52.4,0.232
2016,14,Baylor,5,64,73.68421053,18.4,14,5,52.7,51.2,48.262
2016,23,Buffalo,14,64,64.28571429,0.5,9,5,51.6,48.8,6.348
2016,24,Butler,9,32,81.25,19.6,13,3,55.9,46.9,61.077
2016,27,Cal St. Bakersfield,15,64,91.66666667,10.4,11,1,52.3,42.3,5.421
2016,30,California,4,64,100,24.9,18,0,55.1,41.9,78.13
2016,31,Chattanooga,12,64,92.30769231,8.2,12,1,56.8,48.7,7.903
2016,32,Cincinnati,9,64,83.33333333,19.9,15,3,52.5,45.3,56.651
2016,38,Colorado,8,64,92.85714286,18.7,13,1,51.1,46.3,53.765
2016,40,Connecticut,9,32,82.35294118,16.1,14,3,54,44.2,72.327
2016,45,Dayton,7,64,82.35294118,12,14,3,53.1,46.8,36.347
2016,50,Duke,4,16,83.33333333,27.9,15,3,54.8,47.2,94.152
2016,54,Fairleigh Dickinson,16,68,57.14285714,-17.1,8,6,54.1,54.1,0.2
2016,57,Florida Gulf Coast,16,64,73.33333333,2.4,11,4,51.3,45.8,24.576
2016,59,Fresno St.,14,64,86.66666667,6.2,13,2,48.3,48,40.734
2016,68,Gonzaga,11,16,71.42857143,19,10,4,54.6,43.3,58
2016,70,Green Bay,14,64,75,2.5,9,3,50.5,52.7,0.2
2016,71,Hampton,16,64,72.72727273,-11.1,8,3,46.5,46.9,4.609
2016,74,Hawaii,13,32,83.33333333,10.6,15,3,52.3,44.8,15.446
2016,75,Holy Cross,16,64,57.14285714,-12.6,8,6,48.2,53.9,5.623
2016,79,Indiana,5,16,100,30.9,17,0,62.2,47.3,68.041
2016,81,Iona,13,64,84.61538462,3.3,11,2,55.8,48.8,8.384
2016,82,Iowa,7,32,86.66666667,21.5,13,2,52,45.6,54.413
2016,83,Iowa St.,4,16,87.5,20.9,14,2,57.7,47.6,63.044
2016,86,Kansas,1,8,100,28.4,16,0,56.8,45.4,80.776
2016,90,Kentucky,4,32,100,30.9,17,0,55.4,42,92.397
2016,97,Little Rock,12,32,100,12.5,12,0,55.6,45.2,0.475
2016,109,Maryland,5,16,94.11764706,17.5,16,1,57.7,46,87.245
2016,113,Miami FL,3,16,93.75,23.5,15,1,54.9,44.5,66.635
2016,114,Michigan,11,64,75,14.1,12,4,56.2,49.6,54.482
2016,115,Michigan St.,2,64,87.5,25.4,14,2,55,40.6,59.574
2016,116,Middle Tennessee,15,32,76.92307692,1.5,10,3,53.2,49.4,8.754
2016,135,North Carolina,1,2,93.75,26.5,15,1,53.1,47.5,90.938
2016,145,Northern Iowa,11,32,76.92307692,12.8,10,3,53,47.7,36.74
2016,149,Notre Dame,6,8,87.5,16.7,14,2,54.5,48,76.873
2016,153,Oklahoma,2,4,93.33333333,27,14,1,54.9,44.8,57.714
2016,157,Oregon,1,8,100,24.6,17,0,51.9,46.8,51.771
2016,158,Oregon St.,7,64,78.57142857,13.1,11,3,49.5,47.2,44.404
2016,162,Pittsburgh,10,64,77.77777778,16.2,14,4,52.8,49.2,57.184
2016,166,Providence,9,32,76.47058824,9,13,4,46.7,49.2,59.887
2016,167,Purdue,5,64,94.44444444,24.1,17,1,54.7,43.7,66.451
2016,173,Saint Joseph's,8,32,75,12.3,12,4,49.9,47.5,41.08
2016,181,Seton Hall,6,64,81.25,16.5,13,3,50.5,45.1,62.243
2016,186,South Dakota St.,12,64,100,13.8,11,0,53.6,46.4,12.379
2016,189,Southern,16,68,90,-6.6,9,1,52.5,48.7,3.311
2016,194,Stephen F. Austin,14,32,100,10.9,10,0,59.2,49,0.458
2016,195,Stony Brook,13,64,92.85714286,2.6,13,1,55.8,48,0.2
2016,196,Syracuse,10,4,76.47058824,16.4,13,4,51.4,45.6,88.863
2016,198,Temple,10,64,78.57142857,7,11,3,46.4,47.1,55.758
2016,200,Texas,6,64,82.35294118,16.6,14,3,50.5,46.5,73.204
2016,201,Texas A&M,3,16,94.44444444,24.5,17,1,53.3,46.4,69.544
2016,204,Texas Tech,8,64,82.35294118,16.7,14,3,51.8,47.5,18.334
2016,206,Tulsa,11,68,80,13.8,12,3,50.7,47.3,3.983
2016,214,UNC Asheville,15,64,75,0.5,9,3,51.9,48.6,11.114
2016,216,UNC Wilmington,13,64,84.61538462,7.3,11,2,52.6,46.6,1.709
2016,218,USC,8,64,88.88888889,19.3,16,2,54.3,45.2,72.171
2016,220,Utah,3,32,93.75,21.4,15,1,57.8,45.4,34.826
2016,225,Vanderbilt,11,68,87.5,24.9,14,2,55.2,42.4,60.005
2016,226,VCU,10,32,88.23529412,21.6,15,2,53.8,47.9,38.015
2016,228,Villanova,2,1,93.75,31,15,1,55.8,44.7,81.555
2016,229,Virginia,1,8,100,29.9,15,0,55,47,74.302
2016,234,Weber St.,15,64,90.90909091,7,10,1,53.3,43.5,1.595
2016,235,West Virginia,3,64,86.66666667,29.8,13,2,50.2,46.2,46.477
2016,238,Wichita St.,11,32,92.85714286,24.5,13,1,50.8,45,27.563
2016,240,Wisconsin,7,16,72.22222222,14.3,13,5,51.5,48.9,58.366
2016,244,Xavier,2,32,93.75,22.2,15,1,53.3,49.5,65.075
2016,245,Yale,12,32,100,15.7,12,0,54.8,46.1,3.85
2015,5,Albany,14,64,80,0.1,12,3,50.3,49.6,0.2
2015,8,Arizona,2,8,100,31.8,17,0,55.9,42.6,82.563
2015,10,Arkansas,5,32,89.47368421,16.6,17,2,51.1,47.8,61.527
2015,14,Baylor,3,64,88.23529412,25.8,15,2,53,45.1,33.696
2015,15,Belmont,15,64,85.71428571,5,12,2,57.1,49.5,19.383
2015,17,Boise St.,11,68,91.66666667,19.1,11,1,55.8,44.5,4.95
2015,23,Buffalo,12,64,84.61538462,9.9,11,2,49.8,49.5,15.051
2015,24,Butler,6,32,81.25,22.2,13,3,54,46.4,52.49
2015,25,BYU,11,68,81.25,14.5,13,3,53.1,49.3,41.166
2015,32,Cincinnati,8,32,83.33333333,14.7,15,3,51.7,43.8,58.388
2015,35,Coastal Carolina,16,64,83.33333333,0.6,10,2,52.1,46.8,0.439
2015,44,Davidson,10,64,92.85714286,25,13,1,59.5,46.5,6.209
2015,45,Dayton,11,32,100,16.9,16,0,57.3,46.3,46.592
2015,50,Duke,1,1,93.75,33.2,15,1,60.4,45.8,95.491
2015,53,Eastern Washington,13,64,83.33333333,3.4,10,2,58.9,48.5,0.557
2015,64,Georgetown,4,32,81.25,19.5,13,3,52.2,44.7,84.19
2015,65,Georgia,10,64,75,15.8,12,4,49.8,43,57.857
2015,66,Georgia St.,14,32,91.66666667,16.4,11,1,54,42.5,39.26
2015,68,Gonzaga,2,8,93.75,29.5,15,1,58.5,40.2,61.37
2015,71,Hampton,16,64,54.54545455,-9.1,6,5,44,44.4,8.221
2015,73,Harvard,13,64,83.33333333,9,10,2,50.2,46,32.039
2015,79,Indiana,10,64,78.94736842,16.7,15,4,58,48.5,74.203
2015,82,Iowa,7,32,77.77777778,21.4,14,4,50.5,43.8,58.944
2015,83,Iowa St.,3,64,93.75,24.3,15,1,57.6,47.3,43.965
2015,86,Kansas,2,32,100,25.6,16,0,52.1,44.5,83.717
2015,90,Kentucky,1,4,100,35.1,19,0,53.4,40,95.498
2015,92,Lafayette,16,64,66.66666667,-4.8,10,5,58,55.3,0.994
2015,102,Louisville,4,8,78.94736842,19.7,15,4,45.7,41.7,79.783
2015,105,LSU,9,64,76.47058824,11.6,13,4,50.7,44.2,58.994
2015,106,Manhattan,16,68,81.81818182,2.2,9,2,52.1,49.8,12.059
2015,109,Maryland,4,32,94.73684211,17.1,18,1,53.2,44.2,69.338
2015,115,Michigan St.,7,4,75,20,12,4,53.4,44.6,62.703
2015,119,Mississippi,11,64,56.25,5.9,9,7,45.2,49.1,46.963
2015,132,New Mexico St.,15,64,86.66666667,8.9,13,2,50.5,44,9.776
2015,135,North Carolina,4,16,66.66666667,23.1,10,5,50.6,44.7,89.438
2015,138,North Carolina St.,8,16,70,17.5,14,6,50.3,43.8,79.763
2015,140,North Dakota St.,15,64,100,10.1,10,0,51.8,45.2,4.013
2015,141,North Florida,16,68,81.81818182,2.5,9,2,56.9,47.7,11.873
2015,143,Northeastern,14,64,75,6.7,9,3,56.7,49.6,9.221
2015,145,Northern Iowa,5,32,100,20.3,15,0,55.4,44.4,47.901
2015,149,Notre Dame,3,8,89.47368421,22.3,17,2,59.5,46.1,78.911
2015,152,Ohio St.,10,32,90,28,18,2,59.2,45.6,88.173
2015,153,Oklahoma,3,16,93.33333333,27.8,14,1,53.6,41.8,58.549
2015,154,Oklahoma St.,9,64,75,20.2,12,4,53.2,43.3,49.866
2015,157,Oregon,8,32,88.88888889,15.8,16,2,53.1,43.2,54.645
2015,166,Providence,6,64,76.47058824,14.6,13,4,47.2,47.1,63.346
2015,167,Purdue,9,64,82.35294118,16.8,14,3,51.3,42.2,63.657
2015,171,Robert Morris,16,64,62.5,-2.5,10,6,52.9,47.6,0.888
2015,179,San Diego St.,8,32,93.75,19.7,15,1,44.3,39.1,55.636
2015,183,SMU,6,64,88.23529412,18.4,15,2,54.7,45.2,51.046
2015,192,St. John's,9,64,77.77777778,16.1,14,4,50.7,43.6,73.416
2015,194,Stephen F. Austin,12,64,92.30769231,15.1,12,1,56.6,48,0.2
2015,200,Texas,11,64,72.22222222,19.1,13,5,51,40.6,72.06
2015,203,Texas Southern,15,64,90,-6.4,9,1,52.6,45.4,5.896
2015,207,UAB,14,32,75,3.4,12,4,49.5,46.6,31.578
2015,209,UC Irvine,13,64,72.72727273,7.2,8,3,51.9,47.9,7.799
2015,212,UCLA,11,16,94.11764706,19.3,16,1,54.4,48.8,74.717
2015,220,Utah,5,16,93.75,32.5,15,1,58.8,41.9,27.543
2015,224,Valparaiso,13,64,91.66666667,6.9,11,1,50.6,43.9,14.341
2015,226,VCU,7,64,75,17.5,12,4,49.6,50.2,40.345
2015,228,Villanova,1,32,100,34.1,16,0,57.3,43.1,67.053
2015,229,Virginia,2,32,93.75,30,15,1,50.4,40.9,73.465
2015,235,West Virginia,5,16,80,21.5,12,3,46.2,53.2,49.102
2015,238,Wichita St.,7,16,100,27.2,14,0,52.9,43.4,11.93
2015,240,Wisconsin,1,2,93.75,36.6,15,1,56.3,47.3,67.699
2015,241,Wofford,12,64,91.66666667,4.7,11,1,51.6,44.7,1.842
2015,243,Wyoming,12,64,88.23529412,11.2,15,2,57.4,46,11.536
2015,244,Xavier,6,16,81.25,22.6,13,3,55.9,49.3,55.641
2014,5,Albany,16,64,75,-3.4,9,3,51.8,48.9,0.235
2014,6,American,15,64,78.57142857,5,11,3,54.8,44.9,0.727
2014,8,Arizona,1,8,100,30.7,18,0,53.6,41,82.869
2014,9,Arizona St.,10,64,94.11764706,20.6,16,1,55.9,43.6,30.871
2014,14,Baylor,6,16,75,14.5,12,4,48.9,44.5,51.342
2014,25,BYU,10,64,92.85714286,20.2,13,1,53.9,46.1,40.749
2014,26,Cal Poly,16,64,40,-6.1,4,6,46.3,49.9,3.745
2014,32,Cincinnati,5,64,94.73684211,20.3,18,1,49.1,43.8,51.198
2014,35,Coastal Carolina,16,64,64.28571429,-4,9,5,47.4,46.8,3.527
2014,38,Colorado,8,64,88.88888889,16,16,2,51.9,48.7,65.69
2014,40,Connecticut,7,1,83.33333333,21.4,15,3,52.2,41.7,59.433
2014,43,Creighton,3,32,100,30.2,16,0,60.8,46.4,27.104
2014,45,Dayton,11,8,76.47058824,13.2,13,4,51.3,49.1,40.971
2014,46,Delaware,13,64,83.33333333,3,10,2,49.4,48.1,10.393
2014,50,Duke,3,64,100,30.8,17,0,56,48.1,86.76
2014,52,Eastern Kentucky,15,64,83.33333333,-3.1,10,2,54.4,55.5,1.4
2014,55,Florida,1,4,100,28.9,17,0,53.7,44,69.322
2014,63,George Washington,9,64,93.33333333,18.9,14,1,54.9,44.7,27.304
2014,68,Gonzaga,8,32,100,24.3,15,0,60.1,45,47.31
2014,73,Harvard,12,32,90.90909091,17.3,10,1,53.4,44.6,23.108
2014,82,Iowa,11,68,76.47058824,22.6,13,4,53.3,43.7,58.577
2014,83,Iowa St.,3,16,93.75,24,15,1,56.1,42.9,47.303
2014,86,Kansas,2,32,93.33333333,29.8,14,1,58.9,46.4,89.062
2014,87,Kansas St.,9,64,88.23529412,19.7,15,2,49.4,42,59.93
2014,90,Kentucky,8,2,88.88888889,21.5,16,2,49.6,42,93.139
2014,101,Louisiana Lafayette,14,64,83.33333333,10.5,10,2,55.1,46.3,7.218
2014,102,Louisville,4,16,88.88888889,30.6,16,2,55.7,44.1,58.072
2014,106,Manhattan,13,64,75,7.9,9,3,51.7,44.6,5.007
2014,110,Massachusetts,6,64,84.61538462,13.7,11,2,50.8,46.2,27.037
2014,111,Memphis,8,32,87.5,16.9,14,2,53.2,45.9,69.609
2014,112,Mercer,14,32,93.33333333,11.3,14,1,55.5,43.8,2.917
2014,114,Michigan,2,8,86.66666667,27.5,13,2,59,47.4,71.641
2014,115,Michigan St.,4,8,75,17.6,12,4,54.6,45.2,82.535
2014,117,Milwaukee,15,64,50,-5.6,6,6,48.5,51,6.6
2014,127,Mount St. Mary's,16,68,76.92307692,-2.1,10,3,51.3,51.1,2.524
2014,129,Nebraska,11,64,93.75,19.2,15,1,52.4,45.9,46.368
2014,131,New Mexico,7,64,86.66666667,16.6,13,2,53.6,45.2,19.974
2014,132,New Mexico St.,13,64,92.85714286,12.8,13,1,55.2,43.8,18.464
2014,135,North Carolina,6,32,83.33333333,20.1,15,3,51,45.5,85.624
2014,137,North Carolina Central,14,64,100,5.2,12,0,52.3,40.7,2.483
2014,138,North Carolina St.,12,64,68.42105263,9.2,13,6,52.4,47.9,63.363
2014,140,North Dakota St.,12,32,90,13.6,9,1,57,47.5,6.109
2014,152,Ohio St.,6,64,85,25,17,3,53.3,44.4,83.039
2014,153,Oklahoma,5,64,82.35294118,19.3,14,3,54.1,50.9,61.684
2014,154,Oklahoma St.,9,64,81.25,26.8,13,3,55.6,43.5,69.881
2014,157,Oregon,7,32,83.33333333,16.6,15,3,56,48.2,58.907
2014,162,Pittsburgh,9,32,72.22222222,20.9,13,5,51.8,44.9,74.729
2014,166,Providence,11,64,81.25,18.5,13,3,51.1,47.5,43.138
2014,173,Saint Joseph's,10,64,73.33333333,15.1,11,4,54.2,46.5,38.758
2014,174,Saint Louis,5,32,81.25,16,13,3,50.2,43.7,14.572
2014,179,San Diego St.,4,16,92.85714286,16.1,13,1,45.3,40.2,55.124
2014,193,Stanford,10,16,75,18.3,12,4,54,46.1,73.42
2014,194,Stephen F. Austin,12,32,100,7.3,13,0,52,52.6,0.2
2014,196,Syracuse,3,32,88.88888889,19,16,2,48.5,47.3,87.563
2014,199,Tennessee,11,16,81.25,25.8,13,3,52.4,43.7,70.938
2014,200,Texas,7,32,88.88888889,18.3,16,2,50.8,44.8,66.138
2014,203,Texas Southern,16,68,80,-4.1,8,2,55,46.6,14.806
2014,206,Tulsa,13,64,78.57142857,9.6,11,3,52.6,45.8,7.721
2014,212,UCLA,4,16,88.88888889,21.8,16,2,55.4,47.2,82.764
2014,226,VCU,5,64,100,20.5,15,0,49.6,45.4,34.176
2014,228,Villanova,2,32,93.75,24.6,15,1,54.3,45.3,68.549
2014,229,Virginia,1,16,88.23529412,26.9,15,2,52,41.1,71.947
2014,234,Weber St.,16,64,83.33333333,0.2,10,2,57.2,47,6.732
2014,237,Western Michigan,14,64,85.71428571,3.3,12,2,53.9,47.8,9.135
2014,238,Wichita St.,1,32,100,19.5,16,0,50.1,44.4,8.712
2014,240,Wisconsin,2,4,82.35294118,22.5,14,3,53.7,48.2,66.98
2014,241,Wofford,15,64,60,-4.8,6,4,51,49.8,1.02
2014,244,Xavier,12,68,88.23529412,16.6,15,2,53,46.5,63.684
2013,2,Akron,12,64,93.33333333,12.6,14,1,52,43.4,28.109
2013,5,Albany,15,64,73.33333333,-0.4,11,4,49.6,47.7,0.2
2013,8,Arizona,6,16,87.5,20.8,14,2,53.5,47.5,89.719
2013,15,Belmont,11,64,100,20.7,12,0,59.8,44.2,12.834
2013,17,Boise St.,13,68,92.30769231,19.6,12,1,52.6,49.3,0.423
2013,22,Bucknell,11,64,93.33333333,12.2,14,1,49.4,42.2,1.731
2013,24,Butler,6,32,86.66666667,15.5,13,2,52.6,46.3,60.376
2013,30,California,12,32,68.75,11.2,11,5,48.8,43,60.347
2013,32,Cincinnati,10,64,72.22222222,15.8,13,5,47.5,41.5,45.606
2013,38,Colorado,10,64,80,21.7,12,3,53.1,45.9,58.643
2013,39,Colorado St.,8,32,93.33333333,21,14,1,50.7,48,33.913
2013,43,Creighton,7,32,88.23529412,22.6,15,2,62.9,48.2,38.512
2013,44,Davidson,14,64,91.66666667,15.2,11,1,53,42.1,23.91
2013,50,Duke,2,8,100,28.4,16,0,56.9,43.7,84.2
2013,55,Florida,3,8,100,40.4,16,0,57.1,39.9,74.049
2013,57,Florida Gulf Coast,15,16,92.85714286,10,13,1,51.1,41.5,10.319
2013,64,Georgetown,2,64,94.11764706,18.8,16,1,51.6,42.4,83.628
2013,68,Gonzaga,1,32,93.33333333,32,14,1,57.6,44.3,33.185
2013,73,Harvard,14,32,92.30769231,6.8,12,1,58.7,48,23.885
2013,78,Illinois,7,32,76.47058824,11.2,13,4,48.7,50.1,73.254
2013,79,Indiana,1,16,89.47368421,33.6,17,2,57.3,42.3,80.895
2013,81,Iona,15,64,91.66666667,11.7,11,1,58,52.8,22.901
2013,83,Iowa St.,10,32,94.11764706,21.6,16,1,55.4,45.5,48.784
2013,85,James Madison,16,64,71.42857143,6.3,10,4,50.2,44.7,18.227
2013,86,Kansas,1,16,94.11764706,30.1,16,1,54.2,38.4,78.41
2013,87,Kansas St.,4,64,93.75,20.2,15,1,51.2,46.3,59.851
2013,91,La Salle,13,16,84.61538462,14.6,11,2,53.1,48,25.678
2013,95,Liberty,16,68,41.66666667,-9.9,5,7,49.8,46.8,0.2
2013,98,LIU Brooklyn,16,68,78.57142857,-2,11,3,55.9,48.2,9.265
2013,102,Louisville,1,1,93.75,29.6,15,1,51.6,44.6,70.481
2013,107,Marquette,3,8,100,21.5,16,0,52.7,46.4,71.951
2013,111,Memphis,6,32,94.44444444,16.5,17,1,53.6,45.8,72.385
2013,113,Miami FL,2,16,93.33333333,26.3,14,1,55.4,42.6,61.939
2013,114,Michigan,4,2,94.11764706,27.4,16,1,55.9,45.9,74.354
2013,115,Michigan St.,3,16,94.11764706,23.1,16,1,53.5,41.6,87.215
2013,116,Middle Tennessee,11,68,100,26.8,15,0,56,40.5,13.326
2013,118,Minnesota,11,32,88.23529412,27.8,15,2,51.4,43.5,46.837
2013,119,Mississippi,12,32,94.11764706,18.2,16,1,50.4,43.9,66.788
2013,122,Missouri,9,64,100,21.6,17,0,53.9,43.9,60.673
2013,123,Montana,13,64,92.85714286,2.5,13,1,53.4,46.8,13.694
2013,131,New Mexico,3,64,93.75,18.5,15,1,49.2,44.9,28.854
2013,132,New Mexico St.,13,64,93.33333333,13.2,14,1,53.2,43.9,18.788
2013,135,North Carolina,8,32,87.5,19.2,14,2,50.6,46.4,89.557
2013,136,North Carolina A&T,16,64,72.72727273,-3.6,8,3,46.1,43.4,0.2
2013,138,North Carolina St.,8,64,94.11764706,20,16,1,57.7,46.3,88.25
2013,148,Northwestern St.,14,64,90,4.9,9,1,52,43.6,0.2
2013,149,Notre Dame,7,64,89.47368421,20.9,17,2,55.4,44.4,75.953
2013,152,Ohio St.,2,8,88.88888889,26.3,16,2,52.9,42.2,82.682
2013,153,Oklahoma,10,64,85.71428571,21.3,12,2,49.6,45.3,58.608
2013,154,Oklahoma St.,5,64,88.23529412,19.7,15,2,51.1,45.8,72.871
2013,157,Oregon,12,16,89.47368421,17.8,17,2,51,44.8,45.898
2013,159,Pacific,15,64,85.71428571,8.3,12,2,55.3,47.9,1.732
2013,162,Pittsburgh,8,64,84.21052632,20.6,16,3,52.4,43.7,83.195
2013,174,Saint Louis,4,32,89.47368421,21.6,17,2,53.8,45.4,16.692
2013,175,Saint Mary's,11,64,93.75,20.2,15,1,55.6,48,20.444
2013,179,San Diego St.,7,32,92.30769231,23.9,12,1,52.8,43.5,33.671
2013,186,South Dakota St.,13,64,100,9.2,11,0,53.9,47.6,8.145
2013,189,Southern,16,64,100,3.2,9,0,50.6,36.3,10.29
2013,196,Syracuse,4,4,89.47368421,26.6,17,2,51.1,40.9,74.073
2013,198,Temple,9,32,82.35294118,8.5,14,3,51.2,50.7,30.212
2013,212,UCLA,6,64,83.33333333,18.1,15,3,52,46.6,92.53
2013,217,UNLV,5,64,88.88888889,17.8,16,2,49.4,41.4,72.603
2013,224,Valparaiso,14,64,88.23529412,11.9,15,2,57.4,43.5,25.855
2013,226,VCU,5,32,88.23529412,25.1,15,2,50.6,48.3,39.731
2013,228,Villanova,9,64,73.33333333,12.9,11,4,47.2,46.4,73.986
2013,236,Western Kentucky,16,64,71.42857143,0.4,10,4,50.5,46.5,19.116
2013,238,Wichita St.,9,4,87.5,18.8,14,2,51.8,45.5,6.608
2013,240,Wisconsin,5,64,83.33333333,27.6,15,3,51.9,41.1,59.918
2012,3,Alabama,9,64,81.25,17.1,13,3,47.8,41.1,84.233
2012,14,Baylor,3,8,81.25,20.4,13,3,53.6,43.6,60.038
2012,15,Belmont,14,64,92.30769231,17,12,1,56.7,47.2,14.906
2012,25,BYU,14,64,78.57142857,16,11,3,55.6,46,12.537
2012,30,California,12,68,94.44444444,23.2,17,1,54.7,43.2,56.148
2012,32,Cincinnati,6,16,77.77777778,16.7,14,4,49.5,43.4,59.329
2012,38,Colorado,11,32,85.71428571,13.1,12,2,50.6,44.2,46.976
2012,39,Colorado St.,11,64,93.33333333,12.4,14,1,54.7,47.8,17.155
2012,40,Connecticut,9,64,76.47058824,18.8,13,4,53.1,42.5,66.842
2012,43,Creighton,8,32,87.5,15.1,14,2,59.7,50.9,35.4
2012,44,Davidson,13,64,85.71428571,17.9,12,2,52.6,46.2,26.31
2012,47,Detroit,15,64,73.33333333,4.5,11,4,51.1,49.4,43.165
2012,50,Duke,2,64,81.25,19.6,13,3,53.6,45.9,74.552
2012,55,Florida,7,8,87.5,23.9,14,2,56.2,46.3,83.164
2012,58,Florida St.,3,32,88.23529412,21.3,15,2,53.3,42.7,71.293
2012,64,Georgetown,3,32,93.75,24.9,15,1,53.2,39.1,86.738
2012,68,Gonzaga,7,32,94.11764706,19.8,16,1,55.2,44.7,40.784
2012,73,Harvard,12,64,90.90909091,12.5,10,1,54.8,45.9,22.898
2012,79,Indiana,4,16,94.73684211,25.8,18,1,57.2,47.4,76.334
2012,81,Iona,14,68,90.90909091,8.2,10,1,59.1,52.3,17.057
2012,83,Iowa St.,8,32,88.88888889,14.9,16,2,56.7,48.7,63.108
2012,86,Kansas,2,2,94.11764706,27.9,16,1,56,42.8,72.255
2012,87,Kansas St.,8,32,75,14.6,12,4,48.5,44.3,47.44
2012,90,Kentucky,1,1,100,32,18,0,54.8,41.4,95.267
2012,93,Lamar,16,68,83.33333333,4.4,10,2,48.1,47,0.87
2012,94,Lehigh,15,32,91.66666667,10.3,11,1,53.1,45.2,4.923
2012,98,LIU Brooklyn,16,64,100,3.2,15,0,55.9,49.5,11.914
2012,99,Long Beach St.,12,64,100,10.3,10,0,51.4,42.8,9.819
2012,102,Louisville,4,4,80,17.5,16,4,48.3,42.3,73.332
2012,104,Loyola MD,15,64,83.33333333,2.1,10,2,46.6,46.7,20.388
2012,107,Marquette,3,16,93.75,21.9,15,1,52.6,44.3,52.745
2012,111,Memphis,8,64,90,21.9,18,2,54.4,40.7,80.817
2012,114,Michigan,4,64,93.33333333,21.7,14,1,52.2,47.2,59.445
2012,115,Michigan St.,1,16,94.44444444,30.1,17,1,56.5,41.3,67.935
2012,121,Mississippi Valley St.,16,68,100,-6.6,9,0,49.5,42.6,5.127
2012,122,Missouri,2,64,94.11764706,27.1,16,1,58.5,48.1,56.368
2012,123,Montana,13,64,87.5,8.2,14,2,54.4,44.2,24.191
2012,128,Murray St.,6,32,91.66666667,11.8,11,1,56.9,46.8,4.462
2012,131,New Mexico,5,32,86.66666667,22,13,2,54.2,42.6,42.692
2012,132,New Mexico St.,13,64,80,8.2,12,3,51.7,48.1,16.361
2012,134,Norfolk St.,15,32,75,-4.9,9,3,47.1,43,2.297
2012,135,North Carolina,1,8,94.44444444,28.8,17,1,51.4,43.9,91.131
2012,138,North Carolina St.,11,16,68.42105263,11.3,13,6,51.2,49.3,66.243
2012,149,Notre Dame,7,64,94.11764706,18.7,16,1,55.5,43,73.672
2012,151,Ohio,13,16,93.75,11,15,1,48.9,46.3,37.553
2012,152,Ohio St.,2,4,90,32,18,2,54,43.5,87.821
2012,167,Purdue,10,32,76.47058824,17.1,13,4,51.8,46.8,75.327
2012,174,Saint Louis,9,32,93.33333333,27.3,14,1,54.1,40.9,30.227
2012,175,Saint Mary's,7,64,93.33333333,15.4,14,1,55,47.5,20.933
2012,179,San Diego St.,6,64,88.23529412,9.2,15,2,51,46.5,30.659
2012,186,South Dakota St.,14,64,100,20.4,12,0,58.4,46.6,5.666
2012,187,South Florida,12,32,86.66666667,13.3,13,2,52.5,44.9,31.296
2012,190,Southern Miss,9,64,100,13.4,13,0,46.6,50.5,18.502
2012,191,St. Bonaventure,14,64,84.61538462,17.3,11,2,53.7,46.1,4.592
2012,196,Syracuse,1,8,100,28.1,19,0,51.6,41.7,80.128
2012,198,Temple,5,64,91.66666667,16.8,11,1,54.3,49.7,25.26
2012,200,Texas,11,64,83.33333333,17.8,15,3,48.9,42.6,83.811
2012,214,UNC Asheville,16,64,85.71428571,6.4,12,2,56.9,50.9,4.116
2012,217,UNLV,6,64,100,22.7,16,0,57.8,44.3,64.975
2012,225,Vanderbilt,5,32,72.22222222,17.2,13,5,54,48.2,85.14
2012,226,VCU,12,32,92.85714286,13.8,13,1,46.9,46.1,36.77
2012,227,Vermont,16,64,71.42857143,5.7,10,4,51.2,46.2,8.069
2012,229,Virginia,10,64,81.25,17.2,13,3,51.9,42.5,59.204
2012,235,West Virginia,10,64,68.75,17.7,11,5,51.3,46,65.605
2012,236,Western Kentucky,16,64,53.33333333,-5.5,8,7,45,47.9,33.406
2012,238,Wichita St.,5,64,93.33333333,26.1,14,1,55.2,43,13.827
2012,240,Wisconsin,4,16,77.77777778,25.7,14,4,49.7,38.5,58.91
2012,244,Xavier,10,16,81.25,15,13,3,51.5,43.1,65.926
2011,2,Akron,15,64,86.66666667,4.4,13,2,50.4,46.4,11.594
2011,4,Alabama St.,16,68,72.72727273,-9.1,8,3,46.8,42.2,0.2
2011,8,Arizona,5,8,100,23,17,0,57.5,48.3,73.308
2011,15,Belmont,13,64,100,18,13,0,55.2,45.5,12.798
2011,19,Boston University,16,64,85.71428571,-0.2,12,2,49.9,44.3,5.779
2011,22,Bucknell,14,64,93.33333333,8.8,14,1,49.9,40.9,8.013
2011,24,Butler,8,2,84.61538462,15,11,2,51.6,49.6,45.189
2011,25,BYU,3,16,92.30769231,20.3,12,1,49.6,44.7,23.025
2011,32,Cincinnati,6,32,84.21052632,21.2,16,3,50.7,44.7,64.106
2011,33,Clemson,12,64,88.23529412,19.1,15,2,53.9,42.3,53.197
2011,40,Connecticut,3,1,76.47058824,16.5,13,4,48.2,42.6,62.489
2011,50,Duke,1,16,100,30.9,17,0,53.5,42.4,77.815
2011,55,Florida,2,8,82.35294118,18.3,14,3,51.8,48,83.511
2011,58,Florida St.,10,16,80,18.7,12,3,50.8,40.1,76.219
2011,62,George Mason,8,32,100,18.6,14,0,53.9,40.6,36.183
2011,64,Georgetown,6,64,71.42857143,16.9,10,4,54.3,45.1,86.327
2011,65,Georgia,10,64,75,14.4,12,4,51.4,43.1,52.729
2011,68,Gonzaga,11,32,86.66666667,22,13,2,57,45.1,36.501
2011,71,Hampton,16,64,72.72727273,-10,8,3,45.7,45.4,10.853
2011,78,Illinois,9,32,87.5,27.4,14,2,56.4,42.4,69.318
2011,80,Indiana St.,14,64,75,11.2,9,3,52.2,45.2,6.725
2011,86,Kansas,1,8,94.44444444,30.9,17,1,59.4,43.9,76.479
2011,87,Kansas St.,5,32,88.23529412,22,15,2,52.2,46.5,43.162
2011,90,Kentucky,4,4,100,29.1,15,0,56.3,42,86.899
2011,97,Little Rock,16,68,61.53846154,-5.7,8,5,48,51.7,0.2
2011,98,LIU Brooklyn,15,64,87.5,4.2,14,2,53.9,47.2,4.03
2011,102,Louisville,4,64,90.47619048,22.8,19,2,52.5,43,60.093
2011,107,Marquette,11,16,77.77777778,19.8,14,4,54.4,47.3,24.152
2011,111,Memphis,12,64,89.47368421,8.3,17,2,51.7,44.1,62.75
2011,114,Michigan,8,32,72.22222222,16.8,13,5,55.1,47.1,58.01
2011,115,Michigan St.,10,64,80,16,12,3,50.2,44.9,83.395
2011,122,Missouri,11,64,94.11764706,22.1,16,1,53.6,44.4,54.624
2011,125,Morehead St.,13,32,92.30769231,8.9,12,1,53.2,49.1,6.997
2011,135,North Carolina,2,8,100,22.3,15,0,50.3,43.3,91.173
2011,144,Northern Colorado,15,64,100,12.4,12,0,49.6,44.1,7.93
2011,149,Notre Dame,2,32,100,28.1,17,0,57,46.5,57.624
2011,150,Oakland,13,64,81.81818182,10.3,9,2,59.3,49.1,12.834
2011,152,Ohio St.,1,16,100,34.5,20,0,57,45.9,91.348
2011,155,Old Dominion,9,64,87.5,13.6,14,2,48.7,45.5,6.944
2011,161,Penn St.,10,64,72.22222222,12.9,13,5,48.3,48.8,45.528
2011,162,Pittsburgh,1,32,94.44444444,29.4,17,1,54.4,44.9,80.027
2011,165,Princeton,13,64,100,7.7,11,0,53.6,45.6,12.151
2011,167,Purdue,3,32,100,28.5,16,0,54.6,44.4,77.588
2011,170,Richmond,12,16,80,13.3,12,3,56.8,44.5,19.193
2011,176,Saint Peter's,14,64,72.72727273,2.8,8,3,48.4,41.4,2.161
2011,179,San Diego St.,2,16,92.30769231,23.9,12,1,50.2,44.1,41.701
2011,192,St. John's,6,64,80,18.7,12,3,49.2,48,38.382
2011,196,Syracuse,3,32,83.33333333,20.6,15,3,54.4,45.8,80.006
2011,198,Temple,7,32,100,19.3,14,0,52.8,46.2,27.287
2011,199,Tennessee,9,64,55.55555556,12.3,10,8,47.4,48.5,44.927
2011,200,Texas,4,32,88.88888889,26.1,16,2,51.7,40.2,87.745
2011,201,Texas A&M,7,64,87.5,11.9,14,2,50.2,45.8,69.642
2011,207,UAB,12,68,86.66666667,13.2,13,2,52.1,44.7,32.272
2011,210,UC Santa Barbara,15,64,63.63636364,0.7,7,4,54.4,47.6,12.559
2011,212,UCLA,7,32,88.88888889,15.1,16,2,51.7,44.1,77.947
2011,214,UNC Asheville,16,64,58.33333333,-1.9,7,5,50.4,46.1,3.853
2011,217,UNLV,8,64,75,14.7,12,4,49.8,43.1,60.906
2011,218,USC,11,68,75,16.3,12,4,48.9,42.6,60.319
2011,221,Utah St.,12,64,100,20.9,16,0,52.3,43.9,21.428
2011,223,UTSA,16,64,72.72727273,-1.3,8,3,46.5,45.7,11.623
2011,225,Vanderbilt,5,64,82.35294118,19.6,14,3,56.9,46.3,81.31
2011,226,VCU,11,4,78.57142857,4.7,11,3,50.7,50.4,50.027
2011,228,Villanova,9,64,76.47058824,21,13,4,49.6,44.9,91.766
2011,232,Washington,7,32,87.5,24.7,14,2,55.7,46.1,72.558
2011,235,West Virginia,5,32,86.66666667,25.1,13,2,49.7,42.9,51.905
2011,240,Wisconsin,4,16,100,32.2,16,0,58.3,47.2,66.994
2011,241,Wofford,14,64,66.66666667,5.9,8,4,53.6,48.4,8.499
2011,244,Xavier,6,64,93.33333333,14.6,14,1,53.2,48.7,69.842
2010,11,Arkansas Pine Bluff,16,64,87.5,-7,7,1,47.7,43.1,0.2
2010,14,Baylor,3,8,93.33333333,23.3,14,1,54.9,44.4,62.004
2010,24,Butler,5,2,100,20.1,15,0,55,46.9,31.589
2010,25,BYU,7,32,93.75,25.8,15,1,54.3,43.1,27.091
2010,30,California,8,32,88.23529412,27.4,15,2,55,46.4,54.719
2010,33,Clemson,7,64,87.5,25,14,2,53.5,44.8,61.661
2010,42,Cornell,12,16,90,13.9,9,1,56.6,42.3,1.23
2010,50,Duke,1,1,100,37.2,18,0,53.4,41.2,88.055
2010,51,East Tennessee St.,16,64,61.53846154,4,8,5,48.3,46.9,16.46
2010,55,Florida,10,64,76.47058824,14.9,13,4,47.9,45.3,89.841
2010,58,Florida St.,9,64,81.25,18.6,13,3,52.5,41.5,83.764
2010,64,Georgetown,3,64,75,20.9,12,4,57,47.8,87.834
2010,67,Georgia Tech,10,32,86.66666667,21,13,2,51.2,41.6,83.706
2010,68,Gonzaga,8,32,93.33333333,19.3,14,1,59.3,45.4,51.509
2010,76,Houston,13,64,66.66666667,11.7,10,5,48.3,48.9,23.414
2010,86,Kansas,1,32,100,32.4,19,0,57.2,41.7,85.29
2010,87,Kansas St.,2,8,75,21.7,12,4,48.3,45.4,43.295
2010,90,Kentucky,1,8,100,27.1,19,0,55.3,44.2,90.246
2010,94,Lehigh,16,64,88.23529412,-0.5,15,2,52.7,45,10.619
2010,102,Louisville,9,64,78.94736842,18.7,15,4,51.5,48,78.786
2010,107,Marquette,6,64,76.47058824,21.7,13,4,53.7,46.6,17.888
2010,109,Maryland,4,32,93.75,26.9,15,1,55.5,43.2,75.457
2010,115,Michigan St.,5,4,88.23529412,20.4,15,2,49.8,44.2,87.758
2010,118,Minnesota,11,64,82.35294118,25.7,14,3,58,43.6,60.317
2010,122,Missouri,10,32,88.88888889,26.3,16,2,55.1,43.9,48.074
2010,123,Montana,14,64,85.71428571,6.4,12,2,57.9,47.6,21.883
2010,126,Morgan St.,15,64,91.66666667,0.6,11,1,51.1,43.7,0.2
2010,128,Murray St.,13,32,100,11.6,14,0,54.7,43.1,12.64
2010,131,New Mexico,3,32,94.44444444,19.7,17,1,50.2,47,49.461
2010,132,New Mexico St.,12,64,78.57142857,3.5,11,3,54.9,49.2,19.361
2010,142,North Texas,15,64,83.33333333,-2.6,10,2,53,46.6,20.119
2010,145,Northern Iowa,9,16,100,17.8,15,0,51.4,46.9,12.129
2010,149,Notre Dame,6,64,85,20.4,17,3,56.6,49.7,57.766
2010,150,Oakland,14,64,91.66666667,2.5,11,1,51.7,49.9,15.114
2010,151,Ohio,14,32,75,7.3,12,4,51.8,43.9,24.434
2010,152,Ohio St.,2,16,94.44444444,28.7,17,1,59.9,45.1,77.427
2010,154,Oklahoma St.,7,64,94.11764706,24.9,16,1,56.2,47,59.468
2010,155,Old Dominion,11,32,100,23.1,15,0,49,42.5,4.171
2010,162,Pittsburgh,3,32,94.44444444,21.6,17,1,52.7,42.6,68.381
2010,167,Purdue,4,16,87.5,28.1,14,2,50.6,44.9,73.138
2010,170,Richmond,7,64,93.33333333,13.9,14,1,51.8,42.3,22.243
2010,171,Robert Morris,15,64,80,-2.1,12,3,52,46.1,7.912
2010,175,Saint Mary's,10,16,86.66666667,19.6,13,2,57.8,45.2,22.783
2010,177,Sam Houston St.,14,64,90,9.6,9,1,57.6,47,2.044
2010,179,San Diego St.,11,64,92.30769231,19.8,12,1,52,44.4,48.75
2010,182,Siena,13,64,100,10.8,17,0,49.5,44.8,13.214
2010,196,Syracuse,1,16,89.47368421,27.3,17,2,57.8,44.5,56.087
2010,198,Temple,5,64,92.85714286,20.3,13,1,52,43.2,31.121
2010,199,Tennessee,6,8,93.75,21.6,15,1,54.4,43.3,51.85
2010,200,Texas,8,64,88.23529412,25,15,2,52.8,41.1,85.262
2010,201,Texas A&M,5,32,93.33333333,21.6,14,1,52,44.5,77.137
2010,210,UC Santa Barbara,15,64,83.33333333,4.7,10,2,53.8,48.4,8.349
2010,217,UNLV,8,64,81.25,18.4,13,3,53.1,46.8,51.719
2010,221,Utah St.,12,64,94.11764706,26,16,1,57.5,44.7,9.11
2010,222,UTEP,12,64,88.23529412,13.7,15,2,53.8,45.2,23.484
2010,225,Vanderbilt,4,64,87.5,22.2,14,2,55,44.9,72.84
2010,227,Vermont,16,64,83.33333333,4.3,10,2,50.1,43,26.761
2010,228,Villanova,2,32,86.66666667,24.5,13,2,52.8,46.1,89.439
2010,231,Wake Forest,9,32,86.66666667,18.2,13,2,49.1,42.2,78.599
2010,232,Washington,11,16,89.47368421,23.1,17,2,49.6,44.8,80.577
2010,235,West Virginia,2,4,86.66666667,25.8,13,2,48.8,49.6,69.372
2010,239,Winthrop,16,68,83.33333333,-4.9,10,2,44.1,44,12.3
2010,240,Wisconsin,4,32,94.11764706,31.2,16,1,54.6,44.7,73.327
2010,241,Wofford,13,64,92.30769231,5.1,12,1,52.5,49.2,9.27
2010,244,Xavier,6,16,100,24.3,15,0,57.4,41.6,54.813
2009,2,Akron,13,64,76.92307692,7,10,3,46.2,44.1,1.37
2009,4,Alabama St.,16,68,90,-4.5,9,1,54.5,41.8,0.201
2009,6,American,14,64,92.85714286,6.1,13,1,55.4,42.3,8.688
2009,8,Arizona,12,16,85,21.6,17,3,54.8,48.4,80.614
2009,9,Arizona St.,6,32,81.25,22.5,13,3,58.9,47.9,46.257
2009,16,Binghamton,15,64,84.61538462,-0.9,11,2,51,47,1.026
2009,18,Boston College,7,64,77.77777778,10.2,14,4,50.8,45.7,56.026
2009,24,Butler,9,64,87.5,13.7,14,2,52.8,45.4,30.264
2009,25,BYU,8,64,86.66666667,20.1,13,2,54.9,44.9,31.099
2009,29,Cal St. Northridge,15,64,84.61538462,8.7,11,2,53.5,47,6.747
2009,30,California,7,64,88.88888889,21.1,16,2,58.3,48.2,60.144
2009,31,Chattanooga,16,64,78.57142857,-1.1,11,3,55.2,50.9,7.512
2009,33,Clemson,7,64,81.25,22.7,13,3,52,43.2,56.969
2009,34,Cleveland St.,13,32,84.61538462,13.6,11,2,45.2,41.1,14.271
2009,40,Connecticut,1,4,86.66666667,26.2,13,2,51.7,41.8,82.019
2009,42,Cornell,14,64,100,11.4,13,0,59.7,43.6,0.507
2009,45,Dayton,11,32,100,13.4,18,0,48.2,42.9,49.618
2009,50,Duke,2,16,94.44444444,29.3,17,1,52.5,47.4,93.797
2009,51,East Tennessee St.,16,64,84.61538462,7.1,11,2,54.2,46.7,3.021
2009,58,Florida St.,5,64,81.25,12.8,13,3,47,43.2,81.218
2009,68,Gonzaga,4,16,83.33333333,25.2,10,2,54.4,41.8,79.37
2009,78,Illinois,5,64,83.33333333,22.1,15,3,53.8,41.9,52.338
2009,86,Kansas,3,16,100,28.2,18,0,56.1,42.6,78.001
2009,102,Louisville,1,8,89.47368421,27.7,17,2,54.3,44.3,81.722
2009,105,LSU,8,32,86.36363636,15.6,19,3,50.6,44.3,44.729
2009,107,Marquette,6,32,88.88888889,22.7,16,2,52.2,49.1,52.618
2009,109,Maryland,10,32,77.77777778,15.3,14,4,47.8,45.6,71.963
2009,111,Memphis,2,16,95,30.8,19,1,50.3,38.7,77.707
2009,114,Michigan,10,32,81.25,18.5,13,3,52.6,47.4,59.63
2009,115,Michigan St.,2,2,85.71428571,25.5,12,2,51.2,43.7,86.671
2009,118,Minnesota,10,64,83.33333333,19.2,15,3,52.7,44.5,46.808
2009,120,Mississippi St.,13,64,72.22222222,11.8,13,5,52.3,44.3,54.918
2009,122,Missouri,3,8,100,30.8,18,0,54.4,41.5,42.029
2009,125,Morehead St.,16,64,90.90909091,5,10,1,54.3,45.8,2.346
2009,126,Morgan St.,15,64,80,-3.7,8,2,48.6,42.6,0.2
2009,135,North Carolina,1,1,93.33333333,28,14,1,55.5,47.7,92.496
2009,140,North Dakota St.,14,64,90.90909091,14.3,10,1,59.5,48.1,0.2
2009,145,Northern Iowa,12,64,71.42857143,8.5,10,4,51.5,50.2,10.427
2009,152,Ohio St.,8,64,83.33333333,18.2,15,3,56.4,47.8,73.284
2009,153,Oklahoma,2,8,94.11764706,22.5,16,1,56.1,44.2,73.817
2009,154,Oklahoma St.,8,32,87.5,21.5,14,2,54.9,47.1,70.135
2009,162,Pittsburgh,1,8,100,32.3,18,0,56.2,47.5,58.631
2009,163,Portland St.,13,64,90.90909091,8.3,10,1,57.4,50.8,6.778
2009,167,Purdue,5,16,84.21052632,24.6,16,3,51.5,42.7,71.088
2009,168,Radford,16,64,66.66666667,-3.5,8,4,52.3,50.4,0.657
2009,171,Robert Morris,15,64,87.5,2.4,14,2,56.1,49.2,0.2
2009,182,Siena,9,32,94.44444444,13.5,17,1,52.2,46.4,12.159
2009,194,Stephen F. Austin,14,64,100,9.9,9,0,50.3,37.3,0.216
2009,196,Syracuse,3,16,83.33333333,21.4,15,3,55.8,43.9,72.695
2009,198,Temple,11,64,83.33333333,15.8,10,2,53.3,42.9,26.439
2009,199,Tennessee,9,64,66.66666667,16.6,10,5,50.3,48.2,51.315
2009,200,Texas,7,32,86.66666667,21.7,13,2,50.4,45.4,72.157
2009,201,Texas A&M,9,32,84.21052632,16.1,16,3,50.6,47.1,64.074
2009,212,UCLA,6,32,84.21052632,30.3,16,3,57.7,48.6,79.037
2009,218,USC,10,32,88.88888889,18.9,16,2,50.9,43.5,70.272
2009,220,Utah,5,64,93.33333333,22.8,14,1,58.5,46.3,29.961
2009,221,Utah St.,11,64,100,17.5,16,0,58.8,48.3,10.03
2009,226,VCU,11,64,93.33333333,14.2,14,1,51.9,44.6,31.467
2009,228,Villanova,3,4,88.23529412,24.1,15,2,54.3,47.6,64.785
2009,231,Wake Forest,4,64,93.33333333,23.5,14,1,55.2,45.1,81.319
2009,232,Washington,4,32,89.47368421,20.9,17,2,49.6,45.9,81.01
2009,235,West Virginia,6,64,80,28,12,3,50.4,43.9,71.035
2009,236,Western Kentucky,12,32,100,8.2,13,0,53,46.7,8.322
2009,240,Wisconsin,12,32,81.25,21,13,3,52.1,48.6,78.997
2009,244,Xavier,4,16,93.75,21.8,15,1,56.6,41,31.11
2008,6,American,15,64,73.33333333,-4.7,11,4,51.5,46.4,10.824
2008,8,Arizona,10,64,62.5,18.6,10,6,56.6,49.7,85.102
2008,10,Arkansas,9,32,88.23529412,19.5,15,2,52.8,46.9,59.525
2008,13,Austin Peay,15,64,93.33333333,1.7,14,1,54.7,52.3,9.068
2008,14,Baylor,11,64,68.75,14.1,11,5,53.7,49.7,52.034
2008,15,Belmont,15,64,92.85714286,2.7,13,1,51.8,50.6,12.009
2008,17,Boise St.,14,64,66.66666667,0.5,10,5,54.3,49.4,1.289
2008,24,Butler,7,32,93.75,22.8,15,1,55.1,45.4,11.348
2008,25,BYU,8,64,100,19,15,0,55.5,40.9,34.988
2008,28,Cal St. Fullerton,14,64,76.92307692,5.2,10,3,57.1,55.2,11.126
2008,33,Clemson,5,64,87.5,21.8,14,2,52.8,48.1,48.799
2008,40,Connecticut,4,64,88.88888889,22.7,16,2,52.1,41.2,85.537
2008,41,Coppin St.,16,68,50,-15.3,5,5,43.7,46.1,4.12
2008,42,Cornell,14,64,91.66666667,3.6,11,1,59.1,49.7,1.326
2008,44,Davidson,10,8,84.61538462,17.6,11,2,54.1,48.8,18.502
2008,48,Drake,5,64,92.30769231,21.1,12,1,53,48.8,2.519
2008,50,Duke,2,32,93.75,31.4,15,1,55.5,46.8,95.074
2008,62,George Mason,12,64,86.66666667,15.6,13,2,51.5,44.8,13.842
2008,64,Georgetown,2,32,100,25,16,0,58,41.2,71.165
2008,65,Georgia,14,64,66.66666667,10.3,10,5,51,47.9,57.893
2008,68,Gonzaga,7,64,87.5,21.7,14,2,54,43.1,73.8
2008,79,Indiana,8,64,89.47368421,24.6,17,2,55.4,46.8,52.71
2008,86,Kansas,1,1,100,39.8,19,0,58.4,42.8,89.633
2008,87,Kansas St.,11,32,87.5,29.3,14,2,50,43.9,40.016
2008,89,Kent St.,9,64,100,14.3,16,0,55,45.4,13.77
2008,90,Kentucky,11,64,73.68421053,14.5,14,5,53.6,43.6,77.136
2008,102,Louisville,3,8,88.23529412,22.3,15,2,52.4,42.2,83.94
2008,107,Marquette,6,32,88.23529412,24.7,15,2,52.5,42.1,55.941
2008,111,Memphis,1,2,95.23809524,31.5,20,1,54.6,42.9,82.995
2008,113,Miami FL,7,32,81.25,15.2,13,3,51.2,46.4,42.138
2008,115,Michigan St.,5,16,100,27,18,0,54.9,43.9,87.079
2008,120,Mississippi St.,8,32,81.25,18.4,13,3,53.8,41.7,69.445
2008,121,Mississippi Valley St.,16,64,60,-14.3,6,4,45.5,45.6,0.2
2008,127,Mount St. Mary's,16,64,53.33333333,-3.8,8,7,49.8,46.1,7.293
2008,135,North Carolina,1,4,87.5,29.3,14,2,53.9,48,90.906
2008,149,Notre Dame,5,32,100,22.2,17,0,54.9,45.2,80.171
2008,153,Oklahoma,6,32,83.33333333,20.9,15,3,53.6,45.7,63.704
2008,156,Oral Roberts,13,64,93.33333333,13.8,14,1,52.7,42.7,1.838
2008,157,Oregon,9,64,81.25,18.8,13,3,58.3,49.9,72.871
2008,162,Pittsburgh,4,32,88.23529412,23.6,15,2,55.2,47.5,65.161
2008,163,Portland St.,16,64,91.66666667,0.7,11,1,55,48.3,1.355
2008,167,Purdue,6,32,94.11764706,16.7,16,1,47.4,47.4,66.368
2008,173,Saint Joseph's,11,64,61.53846154,12.8,8,5,52.3,49.6,34.745
2008,175,Saint Mary's,10,64,84.61538462,16.2,11,2,52.2,45.2,18.126
2008,178,San Diego,13,32,66.66666667,2.8,10,5,53,46.2,3.734
2008,182,Siena,13,32,76.47058824,6.8,13,4,51.5,48.3,10.689
2008,184,South Alabama,10,64,93.75,10.5,15,1,53.5,46.3,21.566
2008,193,Stanford,3,16,94.11764706,23.9,16,1,52.6,43.2,64.912
2008,198,Temple,12,64,71.42857143,13.3,10,4,57.2,50.7,21.698
2008,199,Tennessee,2,16,100,27.9,15,0,56.1,46,57.614
2008,200,Texas,2,8,94.11764706,25.8,16,1,50.2,43.6,81.767
2008,201,Texas A&M,9,32,78.94736842,25.1,15,4,55,43.5,61.214
2008,212,UCLA,1,4,90,29.8,18,2,54.9,49.1,78.469
2008,213,UMBC,15,64,91.66666667,-2.1,11,1,52.4,52.3,10.4
2008,217,UNLV,8,32,86.66666667,16.9,13,2,48.1,43.5,18.883
2008,218,USC,6,64,66.66666667,14.6,10,5,53.8,45.4,65.854
2008,219,UT Arlington,16,64,76.92307692,-1.9,10,3,53.9,45.6,8.575
2008,225,Vanderbilt,4,64,100,17.4,19,0,55.3,47,63.746
2008,228,Villanova,12,16,81.25,12.7,13,3,50.3,49.7,61.386
2008,233,Washington St.,4,16,76.47058824,21,13,4,53.7,46,24.685
2008,235,West Virginia,7,16,80,24.6,12,3,53.5,44.6,46.742
2008,236,Western Kentucky,12,16,92.30769231,13.3,12,1,54.1,44.8,16.148
2008,239,Winthrop,13,64,76.92307692,7,10,3,48.7,43.6,4.133
2008,240,Wisconsin,3,16,88.88888889,27.2,16,2,50.8,42.3,82.1
2008,244,Xavier,3,8,94.44444444,29.7,17,1,57.8,44.8,13.33
